,모델명,훈령정확도,검증정확도,정밀도,재현율,f1-score,훈련-검증,파라미터
0,RandomForestClassifier,0.9987274655355249,0.9965363681345868,0.9965294992563213,1.0,0.9982617333002235,0.0021910974009381468,"{'max_depth': 10, 'min_samples_leaf': 1, 'min_samples_split': 5, 'n_estimators': 20}"
1,ExtraTreesClassifier,0.9987274655355249,0.9965363681345868,0.9965294992563213,1.0,0.9982617333002235,0.0021910974009381468,"{'max_depth': 10, 'min_samples_leaf': 1, 'min_samples_split': 2, 'n_estimators': 20}"
2,GradientBoostingClassifier,0.9991516436903499,0.9955467590301831,0.9970193740685543,0.9985074626865672,0.9977628635346756,0.0036048846601668405,"{'max_depth': 10, 'min_samples_leaf': 1, 'min_samples_split': 2, 'n_estimators': 50}"
3,HistGradientBoostingClassifier,0.9991516436903499,0.9955467590301831,0.9970193740685543,0.9985074626865672,0.9977628635346756,0.0036048846601668405,"{'max_depth': 50, 'max_iter': 50, 'min_samples_leaf': 1}"
4,XGBClassifier,0.9991516436903499,0.9955467590301831,0.9965260545905708,0.9990049751243781,0.9977639751552795,0.0036048846601668405,"{'max_depth': 10, 'min_child_weight': 1, 'n_estimators': 20}"
